id;nom_prenom;date_naissance;lieu_naissance;telephone;adresse;sexe;jhi_option;situation_matrimoniale;tuteur;contact_tuteur
1;a;2021-09-09;deposit;0722336177;Loan;F;ENSEIGNEMENT_TECHNIQUE;VEUVE;virtual Gloves methodical;Card dot-com
2;markets;2021-09-10;Assistant;0289729937;Alsace Shoes Concrete;M;FORMATION_PROFESSIONNELLE;VEUVE;state even-keeled Plastic;Pays-Bas São
3;Bedfordshire;2021-09-10;Shoes capacitor;+33 700365571;Bahamas;M;FORMATION_PROFESSIONNELLE;MARIEE;pink;Licensed Monsieur-le-Prince gold
4;Universal support;2021-09-10;Bedfordshire;0756163906;circuit Industrial;F;FORMATION_PROFESSIONNELLE;VEUVE;bus;parsing azure magenta
5;Latvian Île-de-France well-modulated;2021-09-09;productivity;0713335702;Dauphine withdrawal Guarani;M;ENSEIGNEMENT_TECHNIQUE;MARIEE;compressing Analyste;revolutionary Reduced Centre
6;aggregate index;2021-09-09;benchmark Avon;+33 457443954;Soft;M;ENSEIGNEMENT_TECHNIQUE;AUTRES;Personal systematic Streamlined;Architecte white Cambridgeshire
7;Pound Executif Chine;2021-09-09;functionalities architectures Table;+33 665167630;aggregate Salvador;F;ENSEIGNEMENT_TECHNIQUE;CELIBATAIRE;content-based green a;l'Odéon implementation explicit
8;Plastic;2021-09-09;driver Sleek;0192100439;Concrete d'Orsel;M;FORMATION_PROFESSIONNELLE;MARIE;Small Books;bypassing enhance
9;Guinea Incredible Concrete;2021-09-10;bottom-line synthesizing killer;+33 675723039;orange encoding payment;F;FORMATION_PROFESSIONNELLE;MARIEE;Corse;middleware Alsace open-source
10;open-source supply-chains;2021-09-10;Personal b Soap;0722350983;TCP policy array;F;ENSEIGNEMENT_TECHNIQUE;CELIBATAIRE;input e-business dynamic;backing Pizza
